date,model_id,likes,downloads,downloads_all_time
2025-03-03,ibm-granite/granite-vision-3.2-2b,30,2004,2004
2025-03-03,ibm-granite/granite-3.2-8b-instruct,27,3830,3830
2025-03-03,ibm-granite/granite-3.2-2b-instruct,20,3331,3331
2025-03-03,ibm-granite/granite-timeseries-ttm-r2,61,1036301,1512456
2025-03-03,ibm-granite/granite-3.2-8b-instruct-preview,63,8001,8001
2025-03-03,ibm-granite/granite-vision-3.1-2b-preview,88,13428,13444
2025-03-03,ibm-granite/granite-timeseries-ttm-r1,267,2354110,7778974
2025-03-03,ibm-granite/granite-embedding-30m-sparse,3,308,308
2025-03-03,ibm-granite/granite-timeseries-patchtsmixer,15,6925,16562
2025-03-03,ibm-granite/granite-3.1-2b-base,12,10566,19011
2025-03-03,ibm-granite/granite-7b-base,28,2079,55808
2025-03-03,ibm-granite/granite-3b-code-base-2k,37,6635,162292
2025-03-03,ibm-granite/granite-3b-code-instruct-2k,35,3534,118134
2025-03-03,ibm-granite/granite-8b-code-instruct-4k,110,2952,57380
2025-03-03,ibm-granite/granite-20b-code-instruct-8k,40,2386,64986
2025-03-03,ibm-granite/granite-34b-code-instruct-8k,74,2171,17614
2025-03-03,ibm-granite/granite-7b-instruct,7,1094,99455
2025-03-03,ibm-granite/granite-20b-code-instruct-8k-GGUF,5,216,4599
2025-03-03,ibm-granite/granite-34b-code-instruct-8k-GGUF,3,206,1536
2025-03-03,ibm-granite/granite-geospatial-biomass,43,1954,9922
2025-03-03,ibm-granite/granite-3b-code-base-128k,6,621,5366
2025-03-03,ibm-granite/granite-20b-functioncalling,30,6001,9725
2025-03-03,ibm-granite/granite-3b-code-instruct-128k,8,4441,9784
2025-03-03,ibm-granite/granite-8b-code-instruct-128k,19,2705,16656
2025-03-03,ibm-granite/granite-guardian-hap-38m,32,12280,70129
2025-03-03,ibm-granite/granite-guardian-hap-125m,20,305,2001
2025-03-03,ibm-granite/granite-geospatial-wxc-downscaling,34,176,1054
2025-03-03,ibm-granite/granite-3.0-2b-base,21,7398,33880
2025-03-03,ibm-granite/granite-3.0-8b-base,23,4704,33129
2025-03-03,ibm-granite/granite-3.0-8b-instruct,199,29753,175169
2025-03-03,ibm-granite/granite-3.0-3b-a800m-instruct,17,4502,21995
2025-03-03,ibm-granite/granite-3.0-1b-a400m-base,6,4324,16627
2025-03-03,ibm-granite/granite-guardian-3.0-8b,33,2571,7473
2025-03-03,ibm-granite/granite-3.0-8b-instruct-accelerator,1,23,279
2025-03-03,ibm-granite/granite-geospatial-canopyheight,17,1907,8287
2025-03-03,ibm-granite/granite-geospatial-land-surface-temperature,17,2086,8390
2025-03-03,ibm-granite/granite-geospatial-uki,12,74,733
2025-03-03,ibm-granite/granite-embedding-107m-multilingual,10,2877,9489
2025-03-03,ibm-granite/granite-embedding-278m-multilingual,25,20015,40326
2025-03-03,ibm-granite/granite-3.1-8b-base,20,8071,19767
2025-03-03,ibm-granite/granite-3.1-8b-instruct,152,96545,187479
2025-03-03,ibm-granite/granite-3.1-2b-instruct,41,42192,64776
2025-03-03,ibm-granite/granite-3.1-1b-a400m-base,6,4248,8932
2025-03-03,ibm-granite/granite-3.1-3b-a800m-instruct,21,5743,28909
2025-03-03,ibm-granite/granite-guardian-3.1-2b,8,6745,21310
2025-03-03,ibm-granite/granite-guardian-3.1-8b,13,1214,2622
2025-03-03,ibm-granite/granite-guardian-3.2-5b,1,54,54
2025-03-03,ibm-granite/GneissWeb.Quality_annotator,2,0,0
2025-03-03,ibm-granite/GneissWeb.Sci_classifier,1,0,0
2025-03-03,ibm-granite/GneissWeb.Tech_classifier,1,0,0
2025-03-03,ibm-granite/GneissWeb.Med_classifier,1,0,0
2025-03-03,ibm-granite/GneissWeb.Edu_classifier,1,0,0
2025-03-03,ibm-granite/granite-timeseries-patchtst,9,5850,14970
2025-03-03,ibm-granite/granite-20b-code-base-8k,13,501,21286
2025-03-03,ibm-granite/granite-8b-code-base-4k,29,1164,37777
2025-03-03,ibm-granite/granite-34b-code-base-8k,19,400,12324
2025-03-03,ibm-granite/granite-20b-code-base-8k-GGUF,4,183,687
2025-03-03,ibm-granite/granite-7b-instruct-accelerator,1,38,572
2025-03-03,ibm-granite/granite-20b-code-instruct-accelerator,3,39,330
2025-03-03,ibm-granite/granite-34b-code-base-8k-GGUF,3,138,600
2025-03-03,ibm-granite/granite-8b-code-instruct-accelerator,1,19,319
2025-03-03,ibm-granite/granite-3b-code-base-2k-GGUF,2,65,779
2025-03-03,ibm-granite/granite-3b-code-instruct-2k-GGUF,5,56,3650
2025-03-03,ibm-granite/granite-8b-code-base-4k-GGUF,2,84,550
2025-03-03,ibm-granite/granite-8b-code-instruct-4k-GGUF,10,1266,8239
2025-03-03,ibm-granite/granite-3b-code-instruct-accelerator,0,60,46604
2025-03-03,ibm-granite/granite-8b-code-base-128k,6,309,4448
2025-03-03,ibm-granite/granite-20b-code-base-r1.1,2,60,3347
2025-03-03,ibm-granite/granite-20b-code-instruct-r1.1,1,22,811
2025-03-03,ibm-granite/granite-34b-code-instruct-accelerator,0,56,101
2025-03-03,ibm-granite/granite-3.0-2b-instruct,47,22638,93440
2025-03-03,ibm-granite/granite-3.0-3b-a800m-base,5,3942,14352
2025-03-03,ibm-granite/granite-3.0-1b-a400m-instruct,19,465,7652
2025-03-03,ibm-granite/granite-guardian-3.0-2b,19,288,33074
2025-03-03,ibm-granite/granite-uncertainty-3.0-8b-lora,3,0,0
2025-03-03,ibm-granite/granite-rag-3.0-8b-lora,3,0,0
2025-03-03,ibm-granite/granite-geospatial-uki-flooddetection,14,99,315
2025-03-03,ibm-granite/granite-embedding-125m-english,6,10555,32900
2025-03-03,ibm-granite/granite-embedding-30m-english,5,81885,98859
2025-03-03,ibm-granite/granite-3.1-3b-a800m-base,5,3821,10419
2025-03-03,ibm-granite/granite-3.1-1b-a400m-instruct,13,6066,14534
2025-03-03,ibm-granite/granite-3.0-8b-lora-intrinsics-v0.1,1,35,65
2025-03-03,ibm-granite/granite-3.1-8b-lora-intrinsics-v0.1,0,39,39
2025-03-03,ibm-granite/granite-guardian-3.2-3b-a800m,0,73,73
2025-03-03,ibm-granite/GneissWeb.bloom,0,0,0
2025-03-03,ibm-granite/GneissWeb.7B_ablation_model_on_350B_FineWeb.seed1,0,132,132
2025-03-03,ibm-granite/GneissWeb.7B_ablation_model_on_350B_GneissWeb.seed1,0,62,62
2025-03-03,ibm-granite/GneissWeb.7B_ablation_model_on_350B_FineWeb.Edu.seed1,0,47,47
2025-03-03,ibm-granite/GneissWeb.7B_ablation_model_on_350B_FineWeb.seed2,0,27,27
2025-03-03,ibm-granite/GneissWeb.7B_ablation_model_on_350B_GneissWeb.seed2,0,23,23
2025-03-03,ibm-granite/GneissWeb.7B_ablation_model_on_350B_FineWeb.Edu.seed2,0,37,37
2025-03-03,ibm-granite/GneissWeb.7B_ablation_model_on_350B_FineWeb.seed3,0,21,21
2025-03-03,ibm-granite/GneissWeb.7B_ablation_model_on_350B_GneissWeb.seed3,0,21,21
2025-03-03,ibm-granite/GneissWeb.7B_ablation_model_on_350B_FineWeb.Edu.seed3,0,31,31
2025-03-09,ibm-granite/granite-3.2-8b-instruct,51,9491,9491
2025-03-09,ibm-granite/granite-vision-3.2-2b,48,6275,6275
2025-03-09,ibm-granite/granite-3.2-2b-instruct,31,8199,8199
2025-03-09,ibm-granite/granite-timeseries-ttm-r2,70,1042816,1567871
2025-03-09,ibm-granite/granite-embedding-278m-multilingual,32,21271,45684
2025-03-09,ibm-granite/granite-3.2-8b-instruct-preview,68,9482,9482
2025-03-09,ibm-granite/granite-embedding-107m-multilingual,15,3819,11089
2025-03-09,ibm-granite/granite-guardian-3.2-5b,6,316,316
2025-03-09,ibm-granite/granite-embedding-30m-english,9,85833,104225
2025-03-09,ibm-granite/granite-embedding-125m-english,9,12382,36630
2025-03-09,ibm-granite/granite-3.1-2b-instruct,43,42303,71288
2025-03-09,ibm-granite/granite-vision-3.1-2b-preview,90,13803,14925
2025-03-09,ibm-granite/granite-timeseries-patchtsmixer,16,6948,16744
2025-03-09,ibm-granite/granite-timeseries-ttm-r1,267,3085169,8795357
2025-03-09,ibm-granite/granite-7b-base,28,1655,55993
2025-03-09,ibm-granite/granite-3b-code-base-2k,38,5803,162999
2025-03-09,ibm-granite/granite-3b-code-instruct-2k,35,2695,118442
2025-03-09,ibm-granite/granite-8b-code-instruct-4k,110,1770,57540
2025-03-09,ibm-granite/granite-20b-code-instruct-8k,40,2174,65549
2025-03-09,ibm-granite/granite-34b-code-instruct-8k,74,1877,17779
2025-03-09,ibm-granite/granite-7b-instruct,7,1704,100096
2025-03-09,ibm-granite/granite-20b-code-instruct-8k-GGUF,5,262,4657
2025-03-09,ibm-granite/granite-34b-code-instruct-8k-GGUF,3,242,1587
2025-03-09,ibm-granite/granite-geospatial-biomass,43,2503,11206
2025-03-09,ibm-granite/granite-3b-code-base-128k,6,672,5437
2025-03-09,ibm-granite/granite-20b-functioncalling,31,6076,9862
2025-03-09,ibm-granite/granite-3b-code-instruct-128k,8,3834,9855
2025-03-09,ibm-granite/granite-8b-code-instruct-128k,19,2385,16822
2025-03-09,ibm-granite/granite-guardian-hap-38m,33,12594,72998
2025-03-09,ibm-granite/granite-guardian-hap-125m,20,390,2110
2025-03-09,ibm-granite/granite-geospatial-wxc-downscaling,34,216,1113
2025-03-09,ibm-granite/granite-3.0-2b-base,21,7506,34991
2025-03-09,ibm-granite/granite-3.0-8b-base,23,4862,34043
2025-03-09,ibm-granite/granite-3.0-8b-instruct,199,29219,181160
2025-03-09,ibm-granite/granite-3.0-3b-a800m-instruct,17,4453,22803
2025-03-09,ibm-granite/granite-3.0-1b-a400m-base,6,4370,17436
2025-03-09,ibm-granite/granite-guardian-3.0-8b,33,5013,10185
2025-03-09,ibm-granite/granite-guardian-3.0-2b,20,279,33108
2025-03-09,ibm-granite/granite-3.0-8b-instruct-accelerator,1,100,360
2025-03-09,ibm-granite/granite-geospatial-canopyheight,18,2458,9517
2025-03-09,ibm-granite/granite-geospatial-land-surface-temperature,17,2656,9699
2025-03-09,ibm-granite/granite-geospatial-uki,12,79,741
2025-03-09,ibm-granite/granite-3.1-8b-base,20,8015,21756
2025-03-09,ibm-granite/granite-3.1-2b-base,12,12012,21519
2025-03-09,ibm-granite/granite-3.1-8b-instruct,153,91369,203122
2025-03-09,ibm-granite/granite-3.1-1b-a400m-base,6,4533,9964
2025-03-09,ibm-granite/granite-3.1-3b-a800m-instruct,21,5370,29609
2025-03-09,ibm-granite/granite-3.0-8b-lora-intrinsics-v0.1,2,45,84
2025-03-09,ibm-granite/granite-guardian-3.1-2b,8,2616,21802
2025-03-09,ibm-granite/granite-guardian-3.1-8b,13,1124,2778
2025-03-09,ibm-granite/granite-guardian-3.2-3b-a800m,1,311,311
2025-03-09,ibm-granite/GneissWeb.Quality_annotator,2,0,0
2025-03-09,ibm-granite/GneissWeb.Sci_classifier,1,0,0
2025-03-09,ibm-granite/GneissWeb.Tech_classifier,1,0,0
2025-03-09,ibm-granite/GneissWeb.Med_classifier,1,0,0
2025-03-09,ibm-granite/GneissWeb.Edu_classifier,1,0,0
2025-03-09,ibm-granite/granite-embedding-30m-sparse,4,2879,2879
2025-03-09,ibm-granite/granite-timeseries-patchtst,9,6951,16179
2025-03-09,ibm-granite/granite-20b-code-base-8k,13,191,21346
2025-03-09,ibm-granite/granite-8b-code-base-4k,29,522,37954
2025-03-09,ibm-granite/granite-34b-code-base-8k,19,181,12387
2025-03-09,ibm-granite/granite-20b-code-base-8k-GGUF,4,201,743
2025-03-09,ibm-granite/granite-7b-instruct-accelerator,1,15,575
2025-03-09,ibm-granite/granite-20b-code-instruct-accelerator,3,33,334
2025-03-09,ibm-granite/granite-34b-code-base-8k-GGUF,3,187,652
2025-03-09,ibm-granite/granite-8b-code-instruct-accelerator,1,12,320
2025-03-09,ibm-granite/granite-3b-code-base-2k-GGUF,2,56,783
2025-03-09,ibm-granite/granite-3b-code-instruct-2k-GGUF,5,56,3660
2025-03-09,ibm-granite/granite-8b-code-base-4k-GGUF,2,118,587
2025-03-09,ibm-granite/granite-8b-code-instruct-4k-GGUF,10,1480,8548
2025-03-09,ibm-granite/granite-3b-code-instruct-accelerator,0,40,46633
2025-03-09,ibm-granite/granite-8b-code-base-128k,6,660,4897
2025-03-09,ibm-granite/granite-20b-code-base-r1.1,2,51,3349
2025-03-09,ibm-granite/granite-20b-code-instruct-r1.1,1,11,811
2025-03-09,ibm-granite/granite-34b-code-instruct-accelerator,0,55,104
2025-03-09,ibm-granite/granite-3.0-2b-instruct,47,22977,97786
2025-03-09,ibm-granite/granite-3.0-3b-a800m-base,5,3236,14997
2025-03-09,ibm-granite/granite-3.0-1b-a400m-instruct,19,415,7733
2025-03-09,ibm-granite/granite-uncertainty-3.0-8b-lora,3,0,0
2025-03-09,ibm-granite/granite-rag-3.0-8b-lora,3,0,0
2025-03-09,ibm-granite/granite-geospatial-uki-flooddetection,14,61,319
2025-03-09,ibm-granite/granite-3.1-3b-a800m-base,5,3598,11009
2025-03-09,ibm-granite/granite-3.1-1b-a400m-instruct,13,5511,15368
2025-03-09,ibm-granite/granite-3.1-8b-lora-intrinsics-v0.1,0,42,42
2025-03-09,ibm-granite/GneissWeb.bloom,0,0,0
2025-03-09,ibm-granite/GneissWeb.7B_ablation_model_on_350B_FineWeb.seed1,0,218,218
2025-03-09,ibm-granite/GneissWeb.7B_ablation_model_on_350B_GneissWeb.seed1,0,90,90
2025-03-09,ibm-granite/GneissWeb.7B_ablation_model_on_350B_FineWeb.Edu.seed1,0,90,90
2025-03-09,ibm-granite/GneissWeb.7B_ablation_model_on_350B_FineWeb.seed2,0,53,53
2025-03-09,ibm-granite/GneissWeb.7B_ablation_model_on_350B_GneissWeb.seed2,0,80,80
2025-03-09,ibm-granite/GneissWeb.7B_ablation_model_on_350B_FineWeb.Edu.seed2,0,56,56
2025-03-09,ibm-granite/GneissWeb.7B_ablation_model_on_350B_FineWeb.seed3,0,81,81
2025-03-09,ibm-granite/GneissWeb.7B_ablation_model_on_350B_GneissWeb.seed3,0,80,80
2025-03-09,ibm-granite/GneissWeb.7B_ablation_model_on_350B_FineWeb.Edu.seed3,0,52,52
2025-03-10,ibm-granite/granite-3.2-8b-instruct,51,9491,9491
2025-03-10,ibm-granite/granite-vision-3.2-2b,48,6275,6275
2025-03-10,ibm-granite/granite-3.2-2b-instruct,30,8199,8199
2025-03-10,ibm-granite/granite-timeseries-ttm-r2,70,1042816,1567871
2025-03-10,ibm-granite/granite-embedding-278m-multilingual,32,21271,45684
2025-03-10,ibm-granite/granite-embedding-107m-multilingual,15,3819,11089
2025-03-10,ibm-granite/granite-guardian-3.2-5b,6,316,316
2025-03-10,ibm-granite/granite-3.2-8b-instruct-preview,68,9482,9482
2025-03-10,ibm-granite/granite-embedding-30m-english,9,85833,104225
2025-03-10,ibm-granite/granite-embedding-125m-english,9,12382,36630
2025-03-10,ibm-granite/granite-3.1-2b-instruct,43,42303,71288
2025-03-10,ibm-granite/granite-vision-3.1-2b-preview,90,13803,14925
2025-03-10,ibm-granite/granite-timeseries-patchtsmixer,16,6948,16744
2025-03-10,ibm-granite/granite-timeseries-ttm-r1,267,3085169,8795357
2025-03-10,ibm-granite/granite-7b-base,28,1655,55993
2025-03-10,ibm-granite/granite-3b-code-base-2k,38,5803,162999
2025-03-10,ibm-granite/granite-3b-code-instruct-2k,35,2695,118442
2025-03-10,ibm-granite/granite-8b-code-instruct-4k,110,1770,57540
2025-03-10,ibm-granite/granite-20b-code-instruct-8k,40,2174,65549
2025-03-10,ibm-granite/granite-34b-code-instruct-8k,74,1877,17779
2025-03-10,ibm-granite/granite-7b-instruct,7,1704,100096
2025-03-10,ibm-granite/granite-20b-code-instruct-8k-GGUF,5,262,4657
2025-03-10,ibm-granite/granite-34b-code-instruct-8k-GGUF,3,242,1587
2025-03-10,ibm-granite/granite-geospatial-biomass,43,2503,11206
2025-03-10,ibm-granite/granite-3b-code-base-128k,6,672,5437
2025-03-10,ibm-granite/granite-20b-functioncalling,31,6076,9862
2025-03-10,ibm-granite/granite-3b-code-instruct-128k,8,3834,9855
2025-03-10,ibm-granite/granite-8b-code-instruct-128k,19,2385,16822
2025-03-10,ibm-granite/granite-guardian-hap-38m,33,12594,72998
2025-03-10,ibm-granite/granite-guardian-hap-125m,20,390,2110
2025-03-10,ibm-granite/granite-geospatial-wxc-downscaling,34,216,1113
2025-03-10,ibm-granite/granite-3.0-2b-base,21,7506,34991
2025-03-10,ibm-granite/granite-3.0-8b-base,23,4862,34043
2025-03-10,ibm-granite/granite-3.0-8b-instruct,199,29219,181160
2025-03-10,ibm-granite/granite-3.0-3b-a800m-instruct,17,4453,22803
2025-03-10,ibm-granite/granite-3.0-1b-a400m-base,6,4370,17436
2025-03-10,ibm-granite/granite-guardian-3.0-8b,33,5013,10185
2025-03-10,ibm-granite/granite-guardian-3.0-2b,20,279,33108
2025-03-10,ibm-granite/granite-3.0-8b-instruct-accelerator,1,100,360
2025-03-10,ibm-granite/granite-geospatial-canopyheight,18,2458,9517
2025-03-10,ibm-granite/granite-geospatial-land-surface-temperature,17,2656,9699
2025-03-10,ibm-granite/granite-geospatial-uki,12,79,741
2025-03-10,ibm-granite/granite-3.1-8b-base,20,8015,21756
2025-03-10,ibm-granite/granite-3.1-2b-base,12,12012,21519
2025-03-10,ibm-granite/granite-3.1-8b-instruct,153,91369,203122
2025-03-10,ibm-granite/granite-3.1-1b-a400m-base,6,4533,9964
2025-03-10,ibm-granite/granite-3.1-3b-a800m-instruct,21,5370,29609
2025-03-10,ibm-granite/granite-3.0-8b-lora-intrinsics-v0.1,2,45,84
2025-03-10,ibm-granite/granite-guardian-3.1-2b,8,2616,21802
2025-03-10,ibm-granite/granite-guardian-3.1-8b,13,1124,2778
2025-03-10,ibm-granite/granite-guardian-3.2-3b-a800m,1,311,311
2025-03-10,ibm-granite/GneissWeb.Quality_annotator,2,0,0
2025-03-10,ibm-granite/GneissWeb.Sci_classifier,1,0,0
2025-03-10,ibm-granite/GneissWeb.Tech_classifier,1,0,0
2025-03-10,ibm-granite/GneissWeb.Med_classifier,1,0,0
2025-03-10,ibm-granite/GneissWeb.Edu_classifier,1,0,0
2025-03-10,ibm-granite/granite-embedding-30m-sparse,4,2879,2879
2025-03-10,ibm-granite/granite-timeseries-patchtst,9,6951,16179
2025-03-10,ibm-granite/granite-20b-code-base-8k,13,191,21346
2025-03-10,ibm-granite/granite-8b-code-base-4k,29,522,37954
2025-03-10,ibm-granite/granite-34b-code-base-8k,19,181,12387
2025-03-10,ibm-granite/granite-20b-code-base-8k-GGUF,4,201,743
2025-03-10,ibm-granite/granite-7b-instruct-accelerator,1,15,575
2025-03-10,ibm-granite/granite-20b-code-instruct-accelerator,3,33,334
2025-03-10,ibm-granite/granite-34b-code-base-8k-GGUF,3,187,652
2025-03-10,ibm-granite/granite-8b-code-instruct-accelerator,1,12,320
2025-03-10,ibm-granite/granite-3b-code-base-2k-GGUF,2,56,783
2025-03-10,ibm-granite/granite-3b-code-instruct-2k-GGUF,5,56,3660
2025-03-10,ibm-granite/granite-8b-code-base-4k-GGUF,2,118,587
2025-03-10,ibm-granite/granite-8b-code-instruct-4k-GGUF,10,1480,8548
2025-03-10,ibm-granite/granite-3b-code-instruct-accelerator,0,40,46633
2025-03-10,ibm-granite/granite-8b-code-base-128k,6,660,4897
2025-03-10,ibm-granite/granite-20b-code-base-r1.1,2,51,3349
2025-03-10,ibm-granite/granite-20b-code-instruct-r1.1,1,11,811
2025-03-10,ibm-granite/granite-34b-code-instruct-accelerator,0,55,104
2025-03-10,ibm-granite/granite-3.0-2b-instruct,47,22977,97786
2025-03-10,ibm-granite/granite-3.0-3b-a800m-base,5,3236,14997
2025-03-10,ibm-granite/granite-3.0-1b-a400m-instruct,19,415,7733
2025-03-10,ibm-granite/granite-uncertainty-3.0-8b-lora,3,0,0
2025-03-10,ibm-granite/granite-rag-3.0-8b-lora,3,0,0
2025-03-10,ibm-granite/granite-geospatial-uki-flooddetection,14,61,319
2025-03-10,ibm-granite/granite-3.1-3b-a800m-base,5,3598,11009
2025-03-10,ibm-granite/granite-3.1-1b-a400m-instruct,13,5511,15368
2025-03-10,ibm-granite/granite-3.1-8b-lora-intrinsics-v0.1,0,42,42
2025-03-10,ibm-granite/GneissWeb.bloom,0,0,0
2025-03-10,ibm-granite/GneissWeb.7B_ablation_model_on_350B_FineWeb.seed1,0,218,218
2025-03-10,ibm-granite/GneissWeb.7B_ablation_model_on_350B_GneissWeb.seed1,0,90,90
2025-03-10,ibm-granite/GneissWeb.7B_ablation_model_on_350B_FineWeb.Edu.seed1,0,90,90
2025-03-10,ibm-granite/GneissWeb.7B_ablation_model_on_350B_FineWeb.seed2,0,53,53
2025-03-10,ibm-granite/GneissWeb.7B_ablation_model_on_350B_GneissWeb.seed2,0,80,80
2025-03-10,ibm-granite/GneissWeb.7B_ablation_model_on_350B_FineWeb.Edu.seed2,0,56,56
2025-03-10,ibm-granite/GneissWeb.7B_ablation_model_on_350B_FineWeb.seed3,0,81,81
2025-03-10,ibm-granite/GneissWeb.7B_ablation_model_on_350B_GneissWeb.seed3,0,80,80
2025-03-10,ibm-granite/GneissWeb.7B_ablation_model_on_350B_FineWeb.Edu.seed3,0,52,52
2025-03-11,ibm-granite/granite-3.2-8b-instruct,51,9924,9924
2025-03-11,ibm-granite/granite-vision-3.2-2b,50,6673,6673
2025-03-11,ibm-granite/granite-3.2-2b-instruct,30,8807,8807
2025-03-11,ibm-granite/granite-timeseries-ttm-r2,71,1052987,1579826
2025-03-11,ibm-granite/granite-embedding-107m-multilingual,17,4063,11423
2025-03-11,ibm-granite/granite-embedding-278m-multilingual,33,20993,46269
2025-03-11,ibm-granite/granite-guardian-3.2-5b,6,443,443
2025-03-11,ibm-granite/granite-embedding-30m-english,9,85796,104420
2025-03-11,ibm-granite/granite-3.2-8b-instruct-preview,68,9494,9606
2025-03-11,ibm-granite/granite-embedding-125m-english,9,12525,37186
2025-03-11,ibm-granite/granite-3.1-2b-instruct,44,41106,71793
2025-03-11,ibm-granite/granite-vision-3.1-2b-preview,91,14218,15745
2025-03-11,ibm-granite/granite-timeseries-patchtsmixer,16,6938,16762
2025-03-11,ibm-granite/granite-timeseries-ttm-r1,267,3247653,9012383
2025-03-11,ibm-granite/granite-7b-base,28,1666,56007
2025-03-11,ibm-granite/granite-3b-code-base-2k,38,5444,163040
2025-03-11,ibm-granite/granite-3b-code-instruct-2k,35,2701,118516
2025-03-11,ibm-granite/granite-8b-code-instruct-4k,110,1346,57545
2025-03-11,ibm-granite/granite-20b-code-instruct-8k,40,2109,65555
2025-03-11,ibm-granite/granite-34b-code-instruct-8k,74,1739,17783
2025-03-11,ibm-granite/granite-7b-instruct,7,1700,100098
2025-03-11,ibm-granite/granite-20b-code-instruct-8k-GGUF,5,269,4666
2025-03-11,ibm-granite/granite-34b-code-instruct-8k-GGUF,3,246,1592
2025-03-11,ibm-granite/granite-geospatial-biomass,43,2627,11330
2025-03-11,ibm-granite/granite-3b-code-base-128k,6,672,5441
2025-03-11,ibm-granite/granite-20b-functioncalling,31,6073,9866
2025-03-11,ibm-granite/granite-3b-code-instruct-128k,8,3711,9857
2025-03-11,ibm-granite/granite-8b-code-instruct-128k,19,2205,16827
2025-03-11,ibm-granite/granite-guardian-hap-38m,33,12056,73129
2025-03-11,ibm-granite/granite-guardian-hap-125m,20,390,2110
2025-03-11,ibm-granite/granite-geospatial-wxc-downscaling,34,215,1115
2025-03-11,ibm-granite/granite-3.0-2b-base,21,7452,35093
2025-03-11,ibm-granite/granite-3.0-8b-base,23,4733,34135
2025-03-11,ibm-granite/granite-3.0-8b-instruct,199,29107,182026
2025-03-11,ibm-granite/granite-3.0-3b-a800m-instruct,17,4411,22906
2025-03-11,ibm-granite/granite-3.0-1b-a400m-base,6,4299,17547
2025-03-11,ibm-granite/granite-guardian-3.0-8b,33,5214,10645
2025-03-11,ibm-granite/granite-guardian-3.0-2b,20,288,33117
2025-03-11,ibm-granite/granite-3.0-8b-instruct-accelerator,1,100,360
2025-03-11,ibm-granite/granite-geospatial-canopyheight,18,2581,9645
2025-03-11,ibm-granite/granite-geospatial-land-surface-temperature,17,2775,9824
2025-03-11,ibm-granite/granite-geospatial-uki,12,74,743
2025-03-11,ibm-granite/granite-3.1-8b-base,20,8013,22083
2025-03-11,ibm-granite/granite-3.1-2b-base,12,11810,21628
2025-03-11,ibm-granite/granite-3.1-8b-instruct,153,90532,205093
2025-03-11,ibm-granite/granite-3.1-1b-a400m-base,6,4529,10056
2025-03-11,ibm-granite/granite-3.1-3b-a800m-instruct,21,5329,29706
2025-03-11,ibm-granite/granite-3.0-8b-lora-intrinsics-v0.1,2,49,88
2025-03-11,ibm-granite/granite-guardian-3.1-2b,8,2559,21826
2025-03-11,ibm-granite/granite-guardian-3.1-8b,13,1141,2818
2025-03-11,ibm-granite/granite-guardian-3.2-3b-a800m,1,316,316
2025-03-11,ibm-granite/GneissWeb.Quality_annotator,2,0,0
2025-03-11,ibm-granite/GneissWeb.Sci_classifier,1,0,0
2025-03-11,ibm-granite/GneissWeb.Tech_classifier,1,0,0
2025-03-11,ibm-granite/GneissWeb.Med_classifier,1,0,0
2025-03-11,ibm-granite/GneissWeb.Edu_classifier,1,0,0
2025-03-11,ibm-granite/granite-embedding-30m-sparse,4,2888,2888
2025-03-11,ibm-granite/granite-timeseries-patchtst,9,6962,16224
2025-03-11,ibm-granite/granite-20b-code-base-8k,13,191,21349
2025-03-11,ibm-granite/granite-8b-code-base-4k,29,488,37958
2025-03-11,ibm-granite/granite-34b-code-base-8k,19,181,12389
2025-03-11,ibm-granite/granite-20b-code-base-8k-GGUF,4,200,746
2025-03-11,ibm-granite/granite-7b-instruct-accelerator,1,17,577
2025-03-11,ibm-granite/granite-20b-code-instruct-accelerator,3,35,336
2025-03-11,ibm-granite/granite-34b-code-base-8k-GGUF,3,186,654
2025-03-11,ibm-granite/granite-8b-code-instruct-accelerator,1,15,323
2025-03-11,ibm-granite/granite-3b-code-base-2k-GGUF,2,57,784
2025-03-11,ibm-granite/granite-3b-code-instruct-2k-GGUF,5,60,3665
2025-03-11,ibm-granite/granite-8b-code-base-4k-GGUF,2,119,589
2025-03-11,ibm-granite/granite-8b-code-instruct-4k-GGUF,10,1518,8611
2025-03-11,ibm-granite/granite-3b-code-instruct-accelerator,0,42,46635
2025-03-11,ibm-granite/granite-8b-code-base-128k,6,650,4901
2025-03-11,ibm-granite/granite-20b-code-base-r1.1,2,53,3351
2025-03-11,ibm-granite/granite-20b-code-instruct-r1.1,1,13,813
2025-03-11,ibm-granite/granite-34b-code-instruct-accelerator,0,57,106
2025-03-11,ibm-granite/granite-3.0-2b-instruct,47,22542,98068
2025-03-11,ibm-granite/granite-3.0-3b-a800m-base,5,3224,15091
2025-03-11,ibm-granite/granite-3.0-1b-a400m-instruct,19,428,7750
2025-03-11,ibm-granite/granite-uncertainty-3.0-8b-lora,3,0,0
2025-03-11,ibm-granite/granite-rag-3.0-8b-lora,3,0,0
2025-03-11,ibm-granite/granite-geospatial-uki-flooddetection,14,48,320
2025-03-11,ibm-granite/granite-3.1-3b-a800m-base,5,3564,11103
2025-03-11,ibm-granite/granite-3.1-1b-a400m-instruct,13,5272,15464
2025-03-11,ibm-granite/granite-3.1-8b-lora-intrinsics-v0.1,0,44,44
2025-03-11,ibm-granite/GneissWeb.bloom,0,0,0
2025-03-11,ibm-granite/GneissWeb.7B_ablation_model_on_350B_FineWeb.seed1,0,236,236
2025-03-11,ibm-granite/GneissWeb.7B_ablation_model_on_350B_GneissWeb.seed1,0,92,92
2025-03-11,ibm-granite/GneissWeb.7B_ablation_model_on_350B_FineWeb.Edu.seed1,0,94,94
2025-03-11,ibm-granite/GneissWeb.7B_ablation_model_on_350B_FineWeb.seed2,0,54,54
2025-03-11,ibm-granite/GneissWeb.7B_ablation_model_on_350B_GneissWeb.seed2,0,86,86
2025-03-11,ibm-granite/GneissWeb.7B_ablation_model_on_350B_FineWeb.Edu.seed2,0,71,71
2025-03-11,ibm-granite/GneissWeb.7B_ablation_model_on_350B_FineWeb.seed3,0,82,82
2025-03-11,ibm-granite/GneissWeb.7B_ablation_model_on_350B_GneissWeb.seed3,0,83,83
2025-03-11,ibm-granite/GneissWeb.7B_ablation_model_on_350B_FineWeb.Edu.seed3,0,62,62
2025-03-12,ibm-granite/granite-3.2-8b-instruct,53,10773,10773
2025-03-12,ibm-granite/granite-vision-3.2-2b,52,7269,7269
2025-03-12,ibm-granite/granite-3.2-2b-instruct,31,9563,9563
2025-03-12,ibm-granite/granite-timeseries-ttm-r2,71,1055652,1583602
2025-03-12,ibm-granite/granite-embedding-107m-multilingual,17,4435,11828
2025-03-12,ibm-granite/granite-embedding-30m-english,9,86779,105585
2025-03-12,ibm-granite/granite-embedding-278m-multilingual,33,21615,47291
2025-03-12,ibm-granite/granite-3.1-2b-instruct,45,41299,72830
2025-03-12,ibm-granite/granite-guardian-3.2-5b,6,469,469
2025-03-12,ibm-granite/granite-3.2-8b-instruct-preview,68,9406,9648
2025-03-12,ibm-granite/granite-embedding-125m-english,9,12762,37524
2025-03-12,ibm-granite/granite-vision-3.1-2b-preview,91,14595,16293
2025-03-12,ibm-granite/granite-timeseries-patchtsmixer,16,6945,16784
2025-03-12,ibm-granite/granite-timeseries-ttm-r1,267,3346151,9161166
2025-03-12,ibm-granite/granite-7b-base,28,1693,56039
2025-03-12,ibm-granite/granite-3b-code-base-2k,38,5402,163176
2025-03-12,ibm-granite/granite-3b-code-instruct-2k,35,2700,118527
2025-03-12,ibm-granite/granite-8b-code-instruct-4k,110,1325,57547
2025-03-12,ibm-granite/granite-20b-code-instruct-8k,40,2148,65608
2025-03-12,ibm-granite/granite-34b-code-instruct-8k,74,1690,17812
2025-03-12,ibm-granite/granite-7b-instruct,7,1702,100106
2025-03-12,ibm-granite/granite-20b-code-instruct-8k-GGUF,5,266,4667
2025-03-12,ibm-granite/granite-34b-code-instruct-8k-GGUF,3,247,1595
2025-03-12,ibm-granite/granite-geospatial-biomass,43,2626,11331
2025-03-12,ibm-granite/granite-3b-code-base-128k,6,646,5443
2025-03-12,ibm-granite/granite-20b-functioncalling,31,6095,9905
2025-03-12,ibm-granite/granite-3b-code-instruct-128k,8,3712,9863
2025-03-12,ibm-granite/granite-8b-code-instruct-128k,19,2158,16848
2025-03-12,ibm-granite/granite-guardian-hap-38m,33,12418,73583
2025-03-12,ibm-granite/granite-guardian-hap-125m,20,423,2145
2025-03-12,ibm-granite/granite-geospatial-wxc-downscaling,34,215,1118
2025-03-12,ibm-granite/granite-3.0-2b-base,21,7465,35234
2025-03-12,ibm-granite/granite-3.0-8b-base,23,4744,34246
2025-03-12,ibm-granite/granite-3.0-8b-instruct,199,29386,183131
2025-03-12,ibm-granite/granite-3.0-3b-a800m-instruct,17,4545,23144
2025-03-12,ibm-granite/granite-3.0-1b-a400m-base,6,4307,17671
2025-03-12,ibm-granite/granite-guardian-3.0-8b,33,5685,11149
2025-03-12,ibm-granite/granite-guardian-3.0-2b,20,320,33153
2025-03-12,ibm-granite/granite-3.0-8b-instruct-accelerator,1,98,360
2025-03-12,ibm-granite/granite-geospatial-canopyheight,18,2579,9645
2025-03-12,ibm-granite/granite-geospatial-land-surface-temperature,17,2772,9827
2025-03-12,ibm-granite/granite-geospatial-uki,12,70,743
2025-03-12,ibm-granite/granite-3.1-8b-base,20,8043,22311
2025-03-12,ibm-granite/granite-3.1-2b-base,12,11692,21792
2025-03-12,ibm-granite/granite-3.1-8b-instruct,153,91874,208719
2025-03-12,ibm-granite/granite-3.1-1b-a400m-base,6,4568,10236
2025-03-12,ibm-granite/granite-3.1-3b-a800m-instruct,21,5286,29804
2025-03-12,ibm-granite/granite-3.0-8b-lora-intrinsics-v0.1,2,50,91
2025-03-12,ibm-granite/granite-guardian-3.1-2b,8,2678,21985
2025-03-12,ibm-granite/granite-guardian-3.1-8b,13,1133,2823
2025-03-12,ibm-granite/granite-guardian-3.2-3b-a800m,1,326,326
2025-03-12,ibm-granite/GneissWeb.Quality_annotator,2,0,0
2025-03-12,ibm-granite/GneissWeb.Sci_classifier,1,0,0
2025-03-12,ibm-granite/GneissWeb.Tech_classifier,1,0,0
2025-03-12,ibm-granite/GneissWeb.Med_classifier,1,0,0
2025-03-12,ibm-granite/GneissWeb.Edu_classifier,1,0,0
2025-03-12,ibm-granite/granite-embedding-30m-sparse,4,2901,2901
2025-03-12,ibm-granite/granite-timeseries-patchtst,9,6969,16245
2025-03-12,ibm-granite/granite-20b-code-base-8k,13,187,21352
2025-03-12,ibm-granite/granite-8b-code-base-4k,29,436,37963
2025-03-12,ibm-granite/granite-34b-code-base-8k,19,180,12392
2025-03-12,ibm-granite/granite-20b-code-base-8k-GGUF,4,202,750
2025-03-12,ibm-granite/granite-7b-instruct-accelerator,1,15,577
2025-03-12,ibm-granite/granite-20b-code-instruct-accelerator,3,33,336
2025-03-12,ibm-granite/granite-34b-code-base-8k-GGUF,3,190,659
2025-03-12,ibm-granite/granite-8b-code-instruct-accelerator,1,13,323
2025-03-12,ibm-granite/granite-3b-code-base-2k-GGUF,2,55,785
2025-03-12,ibm-granite/granite-3b-code-instruct-2k-GGUF,5,58,3668
2025-03-12,ibm-granite/granite-8b-code-base-4k-GGUF,2,119,594
2025-03-12,ibm-granite/granite-8b-code-instruct-4k-GGUF,10,1593,8695
2025-03-12,ibm-granite/granite-3b-code-instruct-accelerator,0,41,46636
2025-03-12,ibm-granite/granite-8b-code-base-128k,6,668,4934
2025-03-12,ibm-granite/granite-20b-code-base-r1.1,2,51,3351
2025-03-12,ibm-granite/granite-20b-code-instruct-r1.1,1,13,815
2025-03-12,ibm-granite/granite-34b-code-instruct-accelerator,0,55,106
2025-03-12,ibm-granite/granite-3.0-2b-instruct,47,22609,98449
2025-03-12,ibm-granite/granite-3.0-3b-a800m-base,5,3220,15185
2025-03-12,ibm-granite/granite-3.0-1b-a400m-instruct,19,491,7823
2025-03-12,ibm-granite/granite-uncertainty-3.0-8b-lora,3,0,0
2025-03-12,ibm-granite/granite-rag-3.0-8b-lora,3,0,0
2025-03-12,ibm-granite/granite-geospatial-uki-flooddetection,14,42,320
2025-03-12,ibm-granite/granite-3.1-3b-a800m-base,5,3525,11197
2025-03-12,ibm-granite/granite-3.1-1b-a400m-instruct,13,5519,15853
2025-03-12,ibm-granite/granite-3.1-8b-lora-intrinsics-v0.1,0,36,44
2025-03-12,ibm-granite/GneissWeb.bloom,0,0,0
2025-03-12,ibm-granite/GneissWeb.7B_ablation_model_on_350B_FineWeb.seed1,0,269,269
2025-03-12,ibm-granite/GneissWeb.7B_ablation_model_on_350B_GneissWeb.seed1,0,98,98
2025-03-12,ibm-granite/GneissWeb.7B_ablation_model_on_350B_FineWeb.Edu.seed1,0,106,106
2025-03-12,ibm-granite/GneissWeb.7B_ablation_model_on_350B_FineWeb.seed2,0,58,58
2025-03-12,ibm-granite/GneissWeb.7B_ablation_model_on_350B_GneissWeb.seed2,0,105,105
2025-03-12,ibm-granite/GneissWeb.7B_ablation_model_on_350B_FineWeb.Edu.seed2,0,77,77
2025-03-12,ibm-granite/GneissWeb.7B_ablation_model_on_350B_FineWeb.seed3,0,94,94
2025-03-12,ibm-granite/GneissWeb.7B_ablation_model_on_350B_GneissWeb.seed3,0,97,97
2025-03-12,ibm-granite/GneissWeb.7B_ablation_model_on_350B_FineWeb.Edu.seed3,0,66,66
2025-03-13,ibm-granite/granite-vision-3.2-2b,55,7986,7986
2025-03-13,ibm-granite/granite-3.2-8b-instruct,53,12078,12078
2025-03-13,ibm-granite/granite-timeseries-ttm-r2,73,1060961,1589402
2025-03-13,ibm-granite/granite-3.2-2b-instruct,32,10509,10509
2025-03-13,ibm-granite/granite-embedding-107m-multilingual,17,4753,12196
2025-03-13,ibm-granite/granite-3.1-2b-instruct,45,41387,73682
2025-03-13,ibm-granite/granite-3.2-8b-instruct-preview,68,9341,9691
2025-03-13,ibm-granite/granite-embedding-125m-english,9,14174,39080
2025-03-13,ibm-granite/granite-vision-3.1-2b-preview,91,14255,16678
2025-03-13,ibm-granite/granite-guardian-3.2-3b-a800m,2,348,348
2025-03-13,ibm-granite/granite-timeseries-patchtsmixer,16,6948,16798
2025-03-13,ibm-granite/granite-timeseries-ttm-r1,267,3447526,9294901
2025-03-13,ibm-granite/granite-7b-base,28,2545,56894
2025-03-13,ibm-granite/granite-3b-code-base-2k,38,5492,163294
2025-03-13,ibm-granite/granite-3b-code-instruct-2k,35,2694,118551
2025-03-13,ibm-granite/granite-8b-code-instruct-4k,110,1313,57583
2025-03-13,ibm-granite/granite-20b-code-instruct-8k,40,2145,65619
2025-03-13,ibm-granite/granite-34b-code-instruct-8k,74,1589,17839
2025-03-13,ibm-granite/granite-7b-instruct,7,1727,100133
2025-03-13,ibm-granite/granite-20b-code-instruct-8k-GGUF,5,268,4670
2025-03-13,ibm-granite/granite-34b-code-instruct-8k-GGUF,3,249,1597
2025-03-13,ibm-granite/granite-geospatial-biomass,43,2626,11331
2025-03-13,ibm-granite/granite-3b-code-base-128k,6,646,5445
2025-03-13,ibm-granite/granite-20b-functioncalling,31,6094,9910
2025-03-13,ibm-granite/granite-3b-code-instruct-128k,8,3724,9889
2025-03-13,ibm-granite/granite-8b-code-instruct-128k,19,2189,16904
2025-03-13,ibm-granite/granite-guardian-hap-38m,33,12528,73838
2025-03-13,ibm-granite/granite-guardian-hap-125m,20,443,2167
2025-03-13,ibm-granite/granite-geospatial-wxc-downscaling,34,223,1127
2025-03-13,ibm-granite/granite-3.0-2b-base,21,7482,35395
2025-03-13,ibm-granite/granite-3.0-8b-base,23,5112,34706
2025-03-13,ibm-granite/granite-3.0-8b-instruct,199,29773,183997
2025-03-13,ibm-granite/granite-3.0-3b-a800m-instruct,17,4646,23347
2025-03-13,ibm-granite/granite-3.0-1b-a400m-base,6,4299,17761
2025-03-13,ibm-granite/granite-guardian-3.0-8b,33,6019,11521
2025-03-13,ibm-granite/granite-guardian-3.0-2b,20,328,33163
2025-03-13,ibm-granite/granite-3.0-8b-instruct-accelerator,1,95,360
2025-03-13,ibm-granite/granite-geospatial-canopyheight,18,2578,9645
2025-03-13,ibm-granite/granite-geospatial-land-surface-temperature,17,2770,9827
2025-03-13,ibm-granite/granite-geospatial-uki,12,71,745
2025-03-13,ibm-granite/granite-embedding-30m-english,9,97045,115925
2025-03-13,ibm-granite/granite-embedding-278m-multilingual,33,21380,48240
2025-03-13,ibm-granite/granite-3.1-8b-base,20,8018,22542
2025-03-13,ibm-granite/granite-3.1-2b-base,12,11708,21951
2025-03-13,ibm-granite/granite-3.1-8b-instruct,153,92717,211323
2025-03-13,ibm-granite/granite-3.1-1b-a400m-base,6,4561,10405
2025-03-13,ibm-granite/granite-3.1-3b-a800m-instruct,21,5229,29898
2025-03-13,ibm-granite/granite-3.0-8b-lora-intrinsics-v0.1,2,51,92
2025-03-13,ibm-granite/granite-guardian-3.1-2b,8,2614,22031
2025-03-13,ibm-granite/granite-guardian-3.1-8b,13,1156,2854
2025-03-13,ibm-granite/granite-guardian-3.2-5b,6,494,494
2025-03-13,ibm-granite/GneissWeb.Quality_annotator,2,0,0
2025-03-13,ibm-granite/GneissWeb.Sci_classifier,1,0,0
2025-03-13,ibm-granite/GneissWeb.Tech_classifier,1,0,0
2025-03-13,ibm-granite/GneissWeb.Med_classifier,1,0,0
2025-03-13,ibm-granite/GneissWeb.Edu_classifier,1,0,0
2025-03-13,ibm-granite/granite-timeseries-patchtst,9,7030,16318
2025-03-13,ibm-granite/granite-20b-code-base-8k,13,192,21361
2025-03-13,ibm-granite/granite-8b-code-base-4k,29,454,37983
2025-03-13,ibm-granite/granite-34b-code-base-8k,19,180,12394
2025-03-13,ibm-granite/granite-20b-code-base-8k-GGUF,4,203,753
2025-03-13,ibm-granite/granite-7b-instruct-accelerator,1,16,578
2025-03-13,ibm-granite/granite-20b-code-instruct-accelerator,3,31,336
2025-03-13,ibm-granite/granite-34b-code-base-8k-GGUF,3,190,660
2025-03-13,ibm-granite/granite-8b-code-instruct-accelerator,1,13,323
2025-03-13,ibm-granite/granite-3b-code-base-2k-GGUF,2,61,793
2025-03-13,ibm-granite/granite-3b-code-instruct-2k-GGUF,5,59,3669
2025-03-13,ibm-granite/granite-8b-code-base-4k-GGUF,2,117,595
2025-03-13,ibm-granite/granite-8b-code-instruct-4k-GGUF,10,1646,8766
2025-03-13,ibm-granite/granite-3b-code-instruct-accelerator,0,41,46636
2025-03-13,ibm-granite/granite-8b-code-base-128k,6,669,4937
2025-03-13,ibm-granite/granite-20b-code-base-r1.1,2,54,3354
2025-03-13,ibm-granite/granite-20b-code-instruct-r1.1,1,13,815
2025-03-13,ibm-granite/granite-34b-code-instruct-accelerator,0,11,106
2025-03-13,ibm-granite/granite-3.0-2b-instruct,47,22640,98806
2025-03-13,ibm-granite/granite-3.0-3b-a800m-base,5,3237,15294
2025-03-13,ibm-granite/granite-3.0-1b-a400m-instruct,19,492,7826
2025-03-13,ibm-granite/granite-uncertainty-3.0-8b-lora,3,0,0
2025-03-13,ibm-granite/granite-rag-3.0-8b-lora,3,0,0
2025-03-13,ibm-granite/granite-geospatial-uki-flooddetection,14,43,321
2025-03-13,ibm-granite/granite-3.1-3b-a800m-base,5,3493,11289
2025-03-13,ibm-granite/granite-3.1-1b-a400m-instruct,13,5538,16004
2025-03-13,ibm-granite/granite-3.1-8b-lora-intrinsics-v0.1,0,36,44
2025-03-13,ibm-granite/GneissWeb.bloom,0,0,0
2025-03-13,ibm-granite/granite-embedding-30m-sparse,4,2976,2976
2025-03-13,ibm-granite/GneissWeb.7B_ablation_model_on_350B_FineWeb.seed1,0,278,278
2025-03-13,ibm-granite/GneissWeb.7B_ablation_model_on_350B_GneissWeb.seed1,0,98,98
2025-03-13,ibm-granite/GneissWeb.7B_ablation_model_on_350B_FineWeb.Edu.seed1,0,108,108
2025-03-13,ibm-granite/GneissWeb.7B_ablation_model_on_350B_FineWeb.seed2,0,60,60
2025-03-13,ibm-granite/GneissWeb.7B_ablation_model_on_350B_GneissWeb.seed2,0,108,108
2025-03-13,ibm-granite/GneissWeb.7B_ablation_model_on_350B_FineWeb.Edu.seed2,0,77,77
2025-03-13,ibm-granite/GneissWeb.7B_ablation_model_on_350B_FineWeb.seed3,0,94,94
2025-03-13,ibm-granite/GneissWeb.7B_ablation_model_on_350B_GneissWeb.seed3,0,98,98
2025-03-13,ibm-granite/GneissWeb.7B_ablation_model_on_350B_FineWeb.Edu.seed3,0,66,66
2025-03-14,ibm-granite/granite-vision-3.2-2b,57,9140,9140
2025-03-14,ibm-granite/granite-3.2-8b-instruct,53,13538,13538
2025-03-14,ibm-granite/granite-timeseries-ttm-r2,74,1064258,1595129
2025-03-14,ibm-granite/granite-3.2-2b-instruct,32,11193,11193
2025-03-14,ibm-granite/granite-3.1-2b-instruct,45,42056,75343
2025-03-14,ibm-granite/granite-guardian-3.2-3b-a800m,3,375,375
2025-03-14,ibm-granite/granite-embedding-125m-english,9,14154,39467
2025-03-14,ibm-granite/granite-embedding-107m-multilingual,17,5042,12544
2025-03-14,ibm-granite/granite-guardian-3.2-5b,7,525,525
2025-03-14,ibm-granite/granite-vision-3.1-2b-preview,92,13727,16827
2025-03-14,ibm-granite/granite-3.2-8b-instruct-preview,68,9013,9748
2025-03-14,ibm-granite/granite-timeseries-patchtsmixer,16,6959,16845
2025-03-14,ibm-granite/granite-timeseries-ttm-r1,268,3540816,9440982
2025-03-14,ibm-granite/granite-7b-base,28,3292,57662
2025-03-14,ibm-granite/granite-3b-code-base-2k,38,5589,163465
2025-03-14,ibm-granite/granite-3b-code-instruct-2k,35,2742,118633
2025-03-14,ibm-granite/granite-8b-code-instruct-4k,110,1153,57659
2025-03-14,ibm-granite/granite-20b-code-instruct-8k,40,2038,65667
2025-03-14,ibm-granite/granite-34b-code-instruct-8k,74,1571,17862
2025-03-14,ibm-granite/granite-7b-instruct,7,1742,100163
2025-03-14,ibm-granite/granite-20b-code-instruct-8k-GGUF,5,270,4674
2025-03-14,ibm-granite/granite-34b-code-instruct-8k-GGUF,3,263,1612
2025-03-14,ibm-granite/granite-geospatial-biomass,43,2626,11331
2025-03-14,ibm-granite/granite-3b-code-base-128k,6,657,5463
2025-03-14,ibm-granite/granite-20b-functioncalling,31,5968,9916
2025-03-14,ibm-granite/granite-3b-code-instruct-128k,8,3526,9925
2025-03-14,ibm-granite/granite-8b-code-instruct-128k,19,2139,16923
2025-03-14,ibm-granite/granite-guardian-hap-38m,33,12175,74235
2025-03-14,ibm-granite/granite-guardian-hap-125m,20,444,2173
2025-03-14,ibm-granite/granite-geospatial-wxc-downscaling,34,221,1127
2025-03-14,ibm-granite/granite-3.0-2b-base,21,6920,35504
2025-03-14,ibm-granite/granite-3.0-8b-base,23,5103,34816
2025-03-14,ibm-granite/granite-3.0-8b-instruct,199,29669,184806
2025-03-14,ibm-granite/granite-3.0-3b-a800m-instruct,17,4684,23521
2025-03-14,ibm-granite/granite-3.0-1b-a400m-base,6,4233,17868
2025-03-14,ibm-granite/granite-guardian-3.0-8b,33,5926,11532
2025-03-14,ibm-granite/granite-guardian-3.0-2b,20,362,33208
2025-03-14,ibm-granite/granite-3.0-8b-instruct-accelerator,1,96,361
2025-03-14,ibm-granite/granite-geospatial-canopyheight,18,2572,9647
2025-03-14,ibm-granite/granite-geospatial-land-surface-temperature,17,2760,9828
2025-03-14,ibm-granite/granite-geospatial-uki,12,69,745
2025-03-14,ibm-granite/granite-embedding-30m-english,9,98547,117607
2025-03-14,ibm-granite/granite-embedding-278m-multilingual,33,21624,49196
2025-03-14,ibm-granite/granite-3.1-8b-base,20,7929,22764
2025-03-14,ibm-granite/granite-3.1-2b-base,12,11767,22269
2025-03-14,ibm-granite/granite-3.1-8b-instruct,153,94681,215638
2025-03-14,ibm-granite/granite-3.1-1b-a400m-base,6,4306,10584
2025-03-14,ibm-granite/granite-3.1-3b-a800m-instruct,21,5210,29992
2025-03-14,ibm-granite/granite-3.0-8b-lora-intrinsics-v0.1,2,50,92
2025-03-14,ibm-granite/granite-guardian-3.1-2b,8,2631,22087
2025-03-14,ibm-granite/granite-guardian-3.1-8b,13,1146,2888
2025-03-14,ibm-granite/GneissWeb.Quality_annotator,2,0,0
2025-03-14,ibm-granite/GneissWeb.Sci_classifier,1,0,0
2025-03-14,ibm-granite/GneissWeb.Tech_classifier,1,0,0
2025-03-14,ibm-granite/GneissWeb.Med_classifier,1,0,0
2025-03-14,ibm-granite/GneissWeb.Edu_classifier,1,0,0
2025-03-14,ibm-granite/granite-timeseries-patchtst,9,7018,16330
2025-03-14,ibm-granite/granite-20b-code-base-8k,13,198,21376
2025-03-14,ibm-granite/granite-8b-code-base-4k,29,462,38007
2025-03-14,ibm-granite/granite-34b-code-base-8k,19,191,12407
2025-03-14,ibm-granite/granite-20b-code-base-8k-GGUF,4,203,755
2025-03-14,ibm-granite/granite-7b-instruct-accelerator,1,17,579
2025-03-14,ibm-granite/granite-20b-code-instruct-accelerator,3,31,336
2025-03-14,ibm-granite/granite-34b-code-base-8k-GGUF,3,187,660
2025-03-14,ibm-granite/granite-8b-code-instruct-accelerator,1,13,323
2025-03-14,ibm-granite/granite-3b-code-base-2k-GGUF,2,58,793
2025-03-14,ibm-granite/granite-3b-code-instruct-2k-GGUF,5,60,3672
2025-03-14,ibm-granite/granite-8b-code-base-4k-GGUF,2,117,596
2025-03-14,ibm-granite/granite-8b-code-instruct-4k-GGUF,10,1684,8823
2025-03-14,ibm-granite/granite-3b-code-instruct-accelerator,0,41,46636
2025-03-14,ibm-granite/granite-8b-code-base-128k,6,662,4939
2025-03-14,ibm-granite/granite-20b-code-base-r1.1,2,21,3354
2025-03-14,ibm-granite/granite-20b-code-instruct-r1.1,1,13,815
2025-03-14,ibm-granite/granite-34b-code-instruct-accelerator,0,11,106
2025-03-14,ibm-granite/granite-3.0-2b-instruct,47,22474,99177
2025-03-14,ibm-granite/granite-3.0-3b-a800m-base,5,3302,15463
2025-03-14,ibm-granite/granite-3.0-1b-a400m-instruct,19,485,7826
2025-03-14,ibm-granite/granite-uncertainty-3.0-8b-lora,3,0,0
2025-03-14,ibm-granite/granite-rag-3.0-8b-lora,3,0,0
2025-03-14,ibm-granite/granite-geospatial-uki-flooddetection,14,46,324
2025-03-14,ibm-granite/granite-3.1-3b-a800m-base,5,3491,11390
2025-03-14,ibm-granite/granite-3.1-1b-a400m-instruct,13,5478,16145
2025-03-14,ibm-granite/granite-3.1-8b-lora-intrinsics-v0.1,0,36,45
2025-03-14,ibm-granite/GneissWeb.bloom,0,0,0
2025-03-14,ibm-granite/granite-embedding-30m-sparse,4,3027,3027
2025-03-14,ibm-granite/GneissWeb.7B_ablation_model_on_350B_FineWeb.seed1,0,281,281
2025-03-14,ibm-granite/GneissWeb.7B_ablation_model_on_350B_GneissWeb.seed1,0,100,100
2025-03-14,ibm-granite/GneissWeb.7B_ablation_model_on_350B_FineWeb.Edu.seed1,0,110,110
2025-03-14,ibm-granite/GneissWeb.7B_ablation_model_on_350B_FineWeb.seed2,0,60,60
2025-03-14,ibm-granite/GneissWeb.7B_ablation_model_on_350B_GneissWeb.seed2,0,110,110
2025-03-14,ibm-granite/GneissWeb.7B_ablation_model_on_350B_FineWeb.Edu.seed2,0,77,77
2025-03-14,ibm-granite/GneissWeb.7B_ablation_model_on_350B_FineWeb.seed3,0,95,95
2025-03-14,ibm-granite/GneissWeb.7B_ablation_model_on_350B_GneissWeb.seed3,0,98,98
2025-03-14,ibm-granite/GneissWeb.7B_ablation_model_on_350B_FineWeb.Edu.seed3,0,67,67
2025-03-15,ibm-granite/granite-vision-3.2-2b,57,9902,9902
2025-03-15,ibm-granite/granite-timeseries-ttm-r2,74,1062854,1603108
2025-03-15,ibm-granite/granite-3.2-2b-instruct,35,12162,12162
2025-03-15,ibm-granite/granite-3.2-8b-instruct,54,14870,14870
2025-03-15,ibm-granite/granite-3.1-2b-instruct,45,41466,77145
2025-03-15,ibm-granite/granite-vision-3.1-2b-preview,93,13387,17010
2025-03-15,ibm-granite/granite-embedding-125m-english,9,13024,39809
2025-03-15,ibm-granite/granite-embedding-107m-multilingual,17,5528,13183
2025-03-15,ibm-granite/granite-guardian-3.2-3b-a800m,3,650,650
2025-03-15,ibm-granite/granite-3.2-8b-instruct-preview,68,8833,9779
2025-03-15,ibm-granite/granite-timeseries-patchtsmixer,16,6793,16858
2025-03-15,ibm-granite/granite-timeseries-ttm-r1,268,3620958,9578840
2025-03-15,ibm-granite/granite-7b-base,28,3282,57687
2025-03-15,ibm-granite/granite-3b-code-base-2k,38,5611,163606
2025-03-15,ibm-granite/granite-3b-code-instruct-2k,35,2692,118666
2025-03-15,ibm-granite/granite-8b-code-instruct-4k,110,1215,57745
2025-03-15,ibm-granite/granite-20b-code-instruct-8k,40,2093,65739
2025-03-15,ibm-granite/granite-34b-code-instruct-8k,74,1514,17885
2025-03-15,ibm-granite/granite-7b-instruct,7,1766,100207
2025-03-15,ibm-granite/granite-20b-code-instruct-8k-GGUF,5,269,4674
2025-03-15,ibm-granite/granite-34b-code-instruct-8k-GGUF,3,260,1612
2025-03-15,ibm-granite/granite-geospatial-biomass,43,2625,11333
2025-03-15,ibm-granite/granite-3b-code-base-128k,6,651,5468
2025-03-15,ibm-granite/granite-20b-functioncalling,31,5959,9925
2025-03-15,ibm-granite/granite-3b-code-instruct-128k,8,3514,9950
2025-03-15,ibm-granite/granite-8b-code-instruct-128k,19,2096,16947
2025-03-15,ibm-granite/granite-guardian-hap-38m,33,11968,74644
2025-03-15,ibm-granite/granite-guardian-hap-125m,20,519,2260
2025-03-15,ibm-granite/granite-geospatial-wxc-downscaling,34,223,1131
2025-03-15,ibm-granite/granite-3.0-2b-base,21,6687,35598
2025-03-15,ibm-granite/granite-3.0-8b-base,23,5116,34937
2025-03-15,ibm-granite/granite-3.0-8b-instruct,199,29912,185836
2025-03-15,ibm-granite/granite-3.0-3b-a800m-instruct,17,4663,23636
2025-03-15,ibm-granite/granite-3.0-1b-a400m-base,6,4237,17985
2025-03-15,ibm-granite/granite-guardian-3.0-8b,33,5859,11536
2025-03-15,ibm-granite/granite-guardian-3.0-2b,20,358,33218
2025-03-15,ibm-granite/granite-3.0-8b-instruct-accelerator,1,96,361
2025-03-15,ibm-granite/granite-geospatial-canopyheight,18,2631,9707
2025-03-15,ibm-granite/granite-geospatial-land-surface-temperature,17,2736,9828
2025-03-15,ibm-granite/granite-geospatial-uki,12,63,745
2025-03-15,ibm-granite/granite-embedding-30m-english,9,97720,118775
2025-03-15,ibm-granite/granite-embedding-278m-multilingual,33,21933,50103
2025-03-15,ibm-granite/granite-3.1-8b-base,20,7743,22953
2025-03-15,ibm-granite/granite-3.1-2b-base,12,11495,22454
2025-03-15,ibm-granite/granite-3.1-8b-instruct,153,96118,219858
2025-03-15,ibm-granite/granite-3.1-1b-a400m-base,6,4306,10756
2025-03-15,ibm-granite/granite-3.1-3b-a800m-instruct,21,5072,30092
2025-03-15,ibm-granite/granite-3.0-8b-lora-intrinsics-v0.1,2,50,92
2025-03-15,ibm-granite/granite-guardian-3.1-2b,8,2620,22130
2025-03-15,ibm-granite/granite-guardian-3.1-8b,13,1105,2907
2025-03-15,ibm-granite/granite-guardian-3.2-5b,7,529,529
2025-03-15,ibm-granite/GneissWeb.Quality_annotator,2,0,0
2025-03-15,ibm-granite/GneissWeb.Sci_classifier,1,0,0
2025-03-15,ibm-granite/GneissWeb.Tech_classifier,1,0,0
2025-03-15,ibm-granite/GneissWeb.Med_classifier,1,0,0
2025-03-15,ibm-granite/GneissWeb.Edu_classifier,1,0,0
2025-03-15,ibm-granite/granite-timeseries-patchtst,9,6949,16412
2025-03-15,ibm-granite/granite-20b-code-base-8k,13,197,21386
2025-03-15,ibm-granite/granite-8b-code-base-4k,29,479,38040
2025-03-15,ibm-granite/granite-34b-code-base-8k,19,186,12410
2025-03-15,ibm-granite/granite-20b-code-base-8k-GGUF,4,200,755
2025-03-15,ibm-granite/granite-7b-instruct-accelerator,1,17,579
2025-03-15,ibm-granite/granite-20b-code-instruct-accelerator,3,31,336
2025-03-15,ibm-granite/granite-34b-code-base-8k-GGUF,3,185,660
2025-03-15,ibm-granite/granite-8b-code-instruct-accelerator,1,12,323
2025-03-15,ibm-granite/granite-3b-code-base-2k-GGUF,2,55,794
2025-03-15,ibm-granite/granite-3b-code-instruct-2k-GGUF,5,58,3675
2025-03-15,ibm-granite/granite-8b-code-base-4k-GGUF,2,113,596
2025-03-15,ibm-granite/granite-8b-code-instruct-4k-GGUF,10,1691,8866
2025-03-15,ibm-granite/granite-3b-code-instruct-accelerator,0,41,46636
2025-03-15,ibm-granite/granite-8b-code-base-128k,6,654,4942
2025-03-15,ibm-granite/granite-20b-code-base-r1.1,2,18,3354
2025-03-15,ibm-granite/granite-20b-code-instruct-r1.1,1,13,815
2025-03-15,ibm-granite/granite-34b-code-instruct-accelerator,0,11,106
2025-03-15,ibm-granite/granite-3.0-2b-instruct,47,22083,99592
2025-03-15,ibm-granite/granite-3.0-3b-a800m-base,5,3275,15562
2025-03-15,ibm-granite/granite-3.0-1b-a400m-instruct,19,490,7840
2025-03-15,ibm-granite/granite-uncertainty-3.0-8b-lora,3,0,0
2025-03-15,ibm-granite/granite-rag-3.0-8b-lora,3,0,0
2025-03-15,ibm-granite/granite-geospatial-uki-flooddetection,14,41,324
2025-03-15,ibm-granite/granite-3.1-3b-a800m-base,5,3231,11479
2025-03-15,ibm-granite/granite-3.1-1b-a400m-instruct,13,6053,16877
2025-03-15,ibm-granite/granite-3.1-8b-lora-intrinsics-v0.1,0,31,45
2025-03-15,ibm-granite/GneissWeb.bloom,0,0,0
2025-03-15,ibm-granite/granite-embedding-30m-sparse,4,3048,3048
2025-03-15,ibm-granite/GneissWeb.7B_ablation_model_on_350B_FineWeb.seed1,0,285,285
2025-03-15,ibm-granite/GneissWeb.7B_ablation_model_on_350B_GneissWeb.seed1,0,102,102
2025-03-15,ibm-granite/GneissWeb.7B_ablation_model_on_350B_FineWeb.Edu.seed1,0,113,113
2025-03-15,ibm-granite/GneissWeb.7B_ablation_model_on_350B_FineWeb.seed2,0,62,62
2025-03-15,ibm-granite/GneissWeb.7B_ablation_model_on_350B_GneissWeb.seed2,0,113,113
2025-03-15,ibm-granite/GneissWeb.7B_ablation_model_on_350B_FineWeb.Edu.seed2,0,77,77
2025-03-15,ibm-granite/GneissWeb.7B_ablation_model_on_350B_FineWeb.seed3,0,95,95
2025-03-15,ibm-granite/GneissWeb.7B_ablation_model_on_350B_GneissWeb.seed3,0,98,98
2025-03-15,ibm-granite/GneissWeb.7B_ablation_model_on_350B_FineWeb.Edu.seed3,0,68,68
2025-03-16,ibm-granite/granite-vision-3.2-2b,59,10261,10261
2025-03-16,ibm-granite/granite-3.2-2b-instruct,37,12970,12970
2025-03-16,ibm-granite/granite-3.2-8b-instruct,56,15623,15623
2025-03-16,ibm-granite/granite-timeseries-ttm-r2,74,1044167,1606581
2025-03-16,ibm-granite/granite-3.1-2b-instruct,45,38567,78255
2025-03-16,ibm-granite/granite-vision-3.1-2b-preview,93,13176,17208
2025-03-16,ibm-granite/granite-embedding-125m-english,9,12914,40046
2025-03-16,ibm-granite/granite-embedding-107m-multilingual,17,5740,13446
2025-03-16,ibm-granite/granite-guardian-3.2-3b-a800m,3,724,724
2025-03-16,ibm-granite/granite-3.2-8b-instruct-preview,69,8642,9796
2025-03-16,ibm-granite/granite-timeseries-patchtsmixer,16,5316,16881
2025-03-16,ibm-granite/granite-timeseries-ttm-r1,268,3699659,9716300
2025-03-16,ibm-granite/granite-7b-base,28,3338,57769
2025-03-16,ibm-granite/granite-3b-code-base-2k,38,5592,163794
2025-03-16,ibm-granite/granite-3b-code-instruct-2k,35,2673,118698
2025-03-16,ibm-granite/granite-8b-code-instruct-4k,110,1227,57765
2025-03-16,ibm-granite/granite-20b-code-instruct-8k,40,2126,65782
2025-03-16,ibm-granite/granite-34b-code-instruct-8k,74,1449,17889
2025-03-16,ibm-granite/granite-7b-instruct,7,1888,100540
2025-03-16,ibm-granite/granite-20b-code-instruct-8k-GGUF,5,270,4676
2025-03-16,ibm-granite/granite-34b-code-instruct-8k-GGUF,3,263,1617
2025-03-16,ibm-granite/granite-geospatial-biomass,43,2625,11333
2025-03-16,ibm-granite/granite-3b-code-base-128k,6,654,5481
2025-03-16,ibm-granite/granite-20b-functioncalling,31,5979,9953
2025-03-16,ibm-granite/granite-3b-code-instruct-128k,8,3201,9989
2025-03-16,ibm-granite/granite-8b-code-instruct-128k,19,2050,16949
2025-03-16,ibm-granite/granite-guardian-hap-38m,33,11914,74931
2025-03-16,ibm-granite/granite-guardian-hap-125m,20,551,2309
2025-03-16,ibm-granite/granite-geospatial-wxc-downscaling,34,207,1133
2025-03-16,ibm-granite/granite-3.0-2b-base,21,6693,35738
2025-03-16,ibm-granite/granite-3.0-8b-base,23,4895,35100
2025-03-16,ibm-granite/granite-3.0-8b-instruct,199,30427,187284
2025-03-16,ibm-granite/granite-3.0-3b-a800m-instruct,17,4675,23729
2025-03-16,ibm-granite/granite-3.0-1b-a400m-base,6,4293,18131
2025-03-16,ibm-granite/granite-guardian-3.0-8b,33,11212,16897
2025-03-16,ibm-granite/granite-guardian-3.0-2b,20,383,33249
2025-03-16,ibm-granite/granite-3.0-8b-instruct-accelerator,1,95,362
2025-03-16,ibm-granite/granite-geospatial-canopyheight,18,2637,9721
2025-03-16,ibm-granite/granite-geospatial-land-surface-temperature,18,2728,9828
2025-03-16,ibm-granite/granite-geospatial-uki,12,51,745
2025-03-16,ibm-granite/granite-embedding-30m-english,9,96614,119590
2025-03-16,ibm-granite/granite-embedding-278m-multilingual,33,21901,50797
2025-03-16,ibm-granite/granite-3.1-8b-base,20,7765,23279
2025-03-16,ibm-granite/granite-3.1-2b-base,12,10883,22603
2025-03-16,ibm-granite/granite-3.1-8b-instruct,153,100524,227240
2025-03-16,ibm-granite/granite-3.1-1b-a400m-base,6,4502,11030
2025-03-16,ibm-granite/granite-3.1-3b-a800m-instruct,21,5080,30205
2025-03-16,ibm-granite/granite-3.0-8b-lora-intrinsics-v0.1,2,48,93
2025-03-16,ibm-granite/granite-guardian-3.1-2b,8,2499,22143
2025-03-16,ibm-granite/granite-guardian-3.1-8b,13,1079,2919
2025-03-16,ibm-granite/granite-guardian-3.2-5b,7,562,562
2025-03-16,ibm-granite/GneissWeb.Quality_annotator,2,0,0
2025-03-16,ibm-granite/GneissWeb.Sci_classifier,1,0,0
2025-03-16,ibm-granite/GneissWeb.Tech_classifier,1,0,0
2025-03-16,ibm-granite/GneissWeb.Med_classifier,1,0,0
2025-03-16,ibm-granite/GneissWeb.Edu_classifier,1,0,0
2025-03-16,ibm-granite/granite-timeseries-patchtst,9,6879,16441
2025-03-16,ibm-granite/granite-20b-code-base-8k,13,192,21392
2025-03-16,ibm-granite/granite-8b-code-base-4k,29,485,38066
2025-03-16,ibm-granite/granite-34b-code-base-8k,19,183,12413
2025-03-16,ibm-granite/granite-20b-code-base-8k-GGUF,4,199,756
2025-03-16,ibm-granite/granite-7b-instruct-accelerator,1,17,579
2025-03-16,ibm-granite/granite-20b-code-instruct-accelerator,3,27,336
2025-03-16,ibm-granite/granite-34b-code-base-8k-GGUF,3,185,661
2025-03-16,ibm-granite/granite-8b-code-instruct-accelerator,1,12,323
2025-03-16,ibm-granite/granite-3b-code-base-2k-GGUF,2,55,796
2025-03-16,ibm-granite/granite-3b-code-instruct-2k-GGUF,5,56,3676
2025-03-16,ibm-granite/granite-8b-code-base-4k-GGUF,2,114,599
2025-03-16,ibm-granite/granite-8b-code-instruct-4k-GGUF,10,1701,8898
2025-03-16,ibm-granite/granite-3b-code-instruct-accelerator,0,41,46636
2025-03-16,ibm-granite/granite-8b-code-base-128k,6,650,4944
2025-03-16,ibm-granite/granite-20b-code-base-r1.1,2,15,3355
2025-03-16,ibm-granite/granite-20b-code-instruct-r1.1,1,11,815
2025-03-16,ibm-granite/granite-34b-code-instruct-accelerator,0,11,106
2025-03-16,ibm-granite/granite-3.0-2b-instruct,47,21644,100022
2025-03-16,ibm-granite/granite-3.0-3b-a800m-base,5,3311,15706
2025-03-16,ibm-granite/granite-3.0-1b-a400m-instruct,19,470,7842
2025-03-16,ibm-granite/granite-uncertainty-3.0-8b-lora,3,0,0
2025-03-16,ibm-granite/granite-rag-3.0-8b-lora,3,0,0
2025-03-16,ibm-granite/granite-geospatial-uki-flooddetection,14,28,325
2025-03-16,ibm-granite/granite-3.1-3b-a800m-base,5,3383,11720
2025-03-16,ibm-granite/granite-3.1-1b-a400m-instruct,13,6276,17271
2025-03-16,ibm-granite/granite-3.1-8b-lora-intrinsics-v0.1,0,31,45
2025-03-16,ibm-granite/GneissWeb.bloom,0,0,0
2025-03-16,ibm-granite/granite-embedding-30m-sparse,4,3049,3049
2025-03-16,ibm-granite/GneissWeb.7B_ablation_model_on_350B_FineWeb.seed1,0,286,286
2025-03-16,ibm-granite/GneissWeb.7B_ablation_model_on_350B_GneissWeb.seed1,0,104,104
2025-03-16,ibm-granite/GneissWeb.7B_ablation_model_on_350B_FineWeb.Edu.seed1,0,115,115
2025-03-16,ibm-granite/GneissWeb.7B_ablation_model_on_350B_FineWeb.seed2,0,62,62
2025-03-16,ibm-granite/GneissWeb.7B_ablation_model_on_350B_GneissWeb.seed2,0,115,115
2025-03-16,ibm-granite/GneissWeb.7B_ablation_model_on_350B_FineWeb.Edu.seed2,0,77,77
2025-03-16,ibm-granite/GneissWeb.7B_ablation_model_on_350B_FineWeb.seed3,0,95,95
2025-03-16,ibm-granite/GneissWeb.7B_ablation_model_on_350B_GneissWeb.seed3,0,98,98
2025-03-16,ibm-granite/GneissWeb.7B_ablation_model_on_350B_FineWeb.Edu.seed3,0,68,68
